OverallQual,GrLivArea,GarageCars,GarageArea,TotalBsmtSF,1stFlrSF,FullBath,YearBuilt,ActualPrice,PredictedPrice
6,1068,1,264,1059,1068,1,1963,154500,138800.5
8,2622,2,712,1463,1500,2,1994,325000,328743.515
5,1028,2,360,1008,1028,1,1927,115000,110214.915
6,1664,2,420,1004,1004,2,1947,159000,167132.75
9,1620,3,912,1620,1620,2,2007,315500,323922.795
4,630,0,0,630,630,1,1972,75500,81195.5
7,1954,2,431,798,1137,1,1939,311500,187679.83
6,1456,2,440,855,855,2,1978,146000,153402.625
4,630,0,0,630,630,1,1970,84500,81113.0
5,1393,1,300,816,872,1,1955,135500,128000.94
7,1477,1,216,861,877,2,1928,145000,169085.25
5,874,1,288,864,874,1,1968,130000,117532.48
3,894,3,1248,894,894,1,1935,81000,100505.75
7,1535,2,532,1517,1535,2,2004,214000,222294.97
6,1690,2,463,924,948,2,2000,181000,183734.0
5,1008,1,240,1008,1008,1,1953,134500,122265.625
7,1720,2,440,840,840,2,2004,183500,194724.025
5,1134,1,254,1010,1134,1,1960,135000,130914.125
6,1012,1,308,1012,1012,1,1920,118400,112726.5
7,1479,2,558,1453,1479,2,2003,226000,195716.3
5,1803,2,484,1134,1803,2,1957,155000,165115.5
8,1590,2,676,768,786,2,2008,210000,234739.81
6,1476,2,540,738,738,2,2005,173500,176139.0075
5,936,1,308,936,936,1,1956,129000,119386.75
7,1431,2,666,1431,1431,2,1999,192000,186822.55
6,1199,2,530,1199,1199,2,1993,153900,173664.685
7,1340,2,396,1340,1340,2,2007,181134,186897.2
4,864,2,400,864,864,1,1951,141000,102053.99
6,1604,2,470,926,926,2,1997,181000,189836.33333333337
7,1352,2,466,1352,1352,2,2006,208900,200848.395
5,1252,2,576,504,936,1,1908,127000,121554.765
7,2046,3,871,998,1006,2,2003,284000,241781.71
5,3086,0,0,1598,1636,3,1946,200500,179446.5
4,952,1,283,952,952,1,1956,135750,115742.75
8,1636,3,865,1623,1636,2,2006,255000,256484.945
6,1136,1,384,1136,1136,1,1965,140000,138750.0
5,1904,1,240,1208,1136,1,1950,138000,164503.685
7,1928,2,434,847,847,2,2003,219500,204186.05
8,2520,3,796,1338,1352,2,1993,310000,302296.51
5,882,1,308,0,882,1,1956,97000,108769.5
6,1176,2,528,816,816,1,1934,114500,125660.5
7,2110,2,463,948,1222,2,1994,205000,234875.55
5,950,1,280,950,950,1,1971,119500,115579.5
8,2042,3,1390,2042,2042,2,2008,253293,397580.135
5,988,2,572,988,988,1,1961,128500,140887.8
6,2210,1,205,1008,1178,2,1880,117500,167747.885
5,912,1,288,912,912,1,1964,115000,121979.5
5,955,1,386,955,955,1,1966,127000,123652.43
10,2296,3,842,1722,1728,2,2008,451950,413084.69
5,1524,1,315,874,874,1,1958,144000,150501.86
5,988,1,276,876,988,1,1950,119000,122193.915
6,1567,2,714,1567,1567,2,1977,196000,190849.025
5,1304,1,336,264,616,1,1976,115000,126443.44
8,2898,2,665,1565,2898,2,1976,287000,346921.55
6,848,2,420,848,848,1,2004,144500,144360.55218253972
7,1734,2,660,1734,1734,2,2005,260000,242865.035
7,1775,2,425,740,1006,2,1993,213000,193113.74166666664
5,1126,2,540,1126,1126,2,1977,175000,154560.99
6,1117,2,672,1029,1117,1,1976,107000,153849.0
5,827,1,392,0,827,1,1955,107500,99758.155
4,520,1,240,520,520,1,1927,68500,81166.83333333333
5,1246,1,305,1246,1246,1,1959,154000,144305.625
8,2473,3,852,1143,1143,2,2004,317000,328050.075
9,1506,2,592,1498,1506,2,2008,264132,280629.56
8,1776,3,712,1732,1776,2,2006,283463,279323.925
6,2158,2,576,1202,2158,2,1950,243000,228382.93
5,1034,1,240,735,735,1,1940,109000,113931.895
8,2262,3,749,1482,1482,2,2003,305000,305835.56
5,974,0,0,974,974,1,1991,93500,118288.0
6,1458,2,440,729,729,2,1999,176000,171993.595
5,1535,2,400,0,1535,2,1979,118858,130527.87
5,1211,1,322,952,1211,1,1968,134000,135812.305
4,907,1,352,907,907,1,1957,109008,114812.165
3,1040,2,400,0,1040,2,1950,93500,93657.75
9,2364,3,820,2330,2364,2,2009,611657,463379.32
6,1291,2,431,1291,1291,1,1996,173000,174618.045
8,2392,3,870,1396,1407,2,1997,348000,323377.1
7,2418,3,983,1311,1325,2,1993,341000,274462.29
5,1150,1,300,1150,1150,1,1959,141000,139667.375
5,780,1,352,780,780,1,1972,124900,121996.24
6,987,1,264,483,483,1,1972,118000,90549.22500000002
5,1077,1,338,961,1077,1,1920,67000,117811.625
5,988,2,520,988,988,1,1954,113000,137222.25
5,886,1,273,190,886,1,1938,91300,105410.25
6,1400,2,440,672,672,1,1978,149500,157755.71
4,1573,1,240,884,989,1,1935,133000,132375.79
8,1939,3,1053,1095,1095,2,2006,266000,261264.27
7,1453,2,445,1453,1453,1,1986,190000,192014.26
6,848,2,420,848,848,1,2004,155900,144360.55218253972
7,1456,2,440,728,728,2,2006,155835,180804.7414285714
5,1559,2,812,1559,1559,1,1948,153500,180037.0
5,1620,2,462,780,780,2,1969,152000,157853.955
5,816,1,264,816,816,1,1982,124500,126301.0
7,2730,2,576,1502,1553,2,1986,301000,282650.07
4,1768,0,0,1768,1768,2,1968,136500,148706.05
6,1316,2,397,1316,1316,2,2005,169990,176359.73
7,1548,2,672,952,952,2,1925,205000,175108.29
7,1452,2,506,691,713,2,1999,183900,172909.56666666668
7,1498,2,675,1498,1498,2,2006,204900,232088.645
7,2353,2,484,845,1153,2,1980,260000,225264.4
6,1657,2,484,1657,1657,2,1970,163500,185246.8
7,1768,2,543,884,884,2,2003,224900,213456.025
7,2223,2,516,2223,2223,2,1973,244000,259251.995
7,854,2,576,832,854,1,1929,132000,147256.46
5,1432,2,588,1360,1432,1,1978,194000,180868.78
6,1478,2,442,1478,1478,1,1957,156500,164684.0
6,1026,2,440,1026,1026,1,1969,156000,148336.41666666666
8,1742,2,564,1742,1742,2,1985,275000,261308.4
5,990,2,672,990,990,1,1994,145000,145569.85
5,2080,2,504,1040,1040,1,1969,135000,170824.295
2,800,0,0,264,800,1,1936,60000,69664.5
5,1040,0,0,1040,1040,2,1978,124000,126295.695
5,1040,1,260,1040,1040,1,1962,127000,130664.375
5,1513,1,180,939,939,1,1920,137500,129818.31
7,1797,2,639,939,939,2,2006,213500,234627.79
5,804,1,240,788,804,1,1940,119000,109449.0
4,901,1,281,901,901,1,1954,107900,112680.0
4,872,4,480,858,872,1,1971,123000,113038.165
6,1902,2,539,0,1318,2,1978,112000,181762.19
8,1629,3,880,3206,1629,2,2003,284000,287859.41
7,767,1,367,723,767,1,1998,133000,141544.10571428572
6,848,2,420,848,848,1,2004,149000,144360.55218253972
6,1600,2,460,916,916,2,1997,169000,184916.83333333337
6,1848,2,370,833,1053,1,1923,207000,176524.25
6,1412,2,576,1392,1412,2,1988,175000,175687.61
5,935,1,288,935,935,1,1965,137000,117032.25
7,2256,2,554,952,980,2,2000,236000,235430.43
5,935,1,308,742,779,1,1930,79500,109338.42
5,1099,1,352,1099,1099,1,1995,144000,140547.75
7,1664,2,528,832,832,2,1976,162900,185161.5833333333
7,1582,2,520,770,770,2,2004,185900,180625.61071428575
8,2028,3,880,1868,2028,2,2005,369900,356011.895
7,1779,2,546,866,866,2,1998,197900,205390.575
6,2229,0,0,755,929,1,1912,104000,159147.9
2,480,1,308,480,480,0,1949,35311,80266.75
10,1718,3,786,1700,1718,2,2006,337500,330889.065
9,1702,3,1052,1702,1702,1,2008,367294,350368.78
5,938,1,308,938,938,1,1975,130250,119946.85
7,1654,3,900,1654,1654,2,2002,230000,228333.855
10,4316,3,832,2444,2444,3,1994,755000,606480.0
8,2794,3,810,1462,1490,2,1995,403000,367269.93
5,928,1,252,928,928,1,1956,132000,114932.0
6,1732,2,476,741,977,2,1985,178000,183475.7916666667
6,1694,2,576,1181,1390,2,1925,136500,183930.25
5,1056,2,572,1056,1056,1,1955,145000,138043.0
5,900,1,288,864,900,1,1967,123000,125613.33
7,2057,1,180,1017,1020,1,1936,250000,207261.7
7,1430,2,605,1413,1430,2,2001,187100,185923.05
5,768,1,396,768,768,1,1972,133900,123591.325
3,864,0,0,864,864,1,1914,67000,67912.75
4,1180,1,252,700,1180,1,1922,137500,112272.875
6,1348,2,453,660,660,1,1966,155000,138681.345
6,2515,2,484,2035,2515,3,1957,200624,224663.15
5,2274,2,480,1105,1105,2,1960,154300,173873.34
3,1077,1,210,1007,1077,1,1922,91000,105513.25
5,1792,0,0,896,896,2,1974,136000,150808.81
4,1258,2,400,1198,1258,0,1969,108959,146550.31
6,1375,2,451,1367,1375,1,1954,140000,160271.25
4,605,0,0,528,605,1,1920,86000,59073.25
5,1144,1,264,864,1144,1,1961,131400,130061.79
8,1234,2,484,1234,1234,2,2007,179900,227481.325
6,1056,2,576,1056,1056,0,1980,144000,147154.85
8,1646,3,800,1638,1646,2,2007,293077,275435.41
5,1526,1,364,1216,1526,1,1957,144500,156596.885
5,1216,1,336,832,832,1,1947,118500,122936.83
5,1800,0,0,1800,1800,2,1961,141000,155301.775
7,1950,2,576,975,975,2,1997,239000,230722.25
8,2574,3,868,1482,1482,2,2007,276000,369240.195
9,2868,3,716,1992,1992,3,2005,556581,455560.99
7,2403,1,349,1032,1207,2,1940,244400,235980.5
9,1944,3,708,1896,1944,2,2003,360000,344855.91
4,882,0,0,882,882,1,1956,103200,108392.5
5,1522,0,0,1008,1008,2,1926,102000,131189.44
6,1556,2,452,716,716,2,1980,151000,171051.475
8,2872,2,541,1683,2129,2,1992,285000,351197.59
4,1588,2,680,0,1120,2,1959,134432,137303.455
6,1487,1,220,735,798,1,1945,113000,152461.13
7,1717,2,400,1156,1187,2,1990,187500,191336.625
5,1360,1,297,803,803,1,1938,125500,123364.535
6,1573,2,440,756,769,2,2000,177500,174714.30833333335
5,1265,2,502,1219,1265,2,1965,179900,152905.685
5,1044,2,504,540,1044,1,1952,55993,114716.765
5,954,2,576,911,954,1,1976,132500,141024.05
7,1389,1,240,651,707,1,1946,135000,144612.87
8,1989,2,586,1065,1091,2,2002,255000,252150.565
7,1710,2,480,576,902,2,1921,140000,160917.11666666667
8,1689,3,857,1568,1689,2,2002,271000,272736.15
7,1500,3,648,1356,1500,2,2006,246578,197695.315
7,1368,2,474,1368,1368,2,2005,202500,195303.35
4,1092,1,286,546,546,1,1970,75000,90037.25
5,1365,2,440,765,765,1,1971,122500,128770.75
5,1073,1,326,1073,1073,1,1921,108480,119226.125
5,1308,1,256,728,976,1,1940,160000,116310.77
6,1118,1,358,1096,1118,1,1977,171000,141590.75
6,1306,2,624,1306,1306,2,2005,196000,186162.35
5,2008,1,230,896,1112,3,1948,225000,154724.29
8,1247,2,550,1247,1247,1,2005,197000,217446.3
4,1317,1,250,649,649,1,1920,40000,105092.58
8,1739,2,480,970,983,2,1999,172500,216470.785
5,1343,1,186,731,820,1,1921,154900,107101.87
7,1533,2,576,1533,1533,2,1975,280000,214238.775
7,1446,2,406,729,729,2,1996,175000,178356.85
5,1344,1,468,672,672,1,1920,147000,110913.16
8,2630,3,696,1470,1470,2,1998,315000,358401.305
7,1337,2,531,1337,1337,2,2003,185000,189606.8
5,980,1,384,980,980,2,1967,135500,130275.985
8,2020,2,466,1128,1142,2,1995,239500,243125.625
5,1121,2,480,1121,1121,1,1963,139000,148305.935
6,1595,1,240,940,1192,1,1940,140000,138757.25
5,892,1,264,864,892,1,1966,110000,114936.645
7,2243,3,746,700,1122,2,1990,225000,222294.025
6,1285,2,528,660,1285,1,1977,143500,157763.405
4,1225,0,0,950,1225,1,1959,128950,112453.06
6,1471,2,440,729,742,2,1999,172500,172508.95
7,1363,2,439,1385,1363,1,1954,241500,152414.485
8,1566,2,750,1566,1566,2,2008,262500,266558.375
7,1402,3,648,1258,1402,0,2006,194201,194299.425
5,1144,1,796,1144,1144,1,1959,143000,134455.0
5,1352,1,288,1062,1352,1,1958,130000,144305.25
5,1734,2,539,0,1302,2,1977,126000,149187.775
5,894,2,440,864,894,1,1974,142500,127081.0
8,1324,2,550,1324,1324,2,2006,254000,224924.605
5,1647,2,621,1430,1647,2,1977,217500,178750.1
5,1131,1,200,676,676,1,1941,66500,105639.31
8,1466,3,610,1466,1466,2,2007,201000,266592.47
6,1215,1,297,1215,1215,1,1958,155000,141680.75
4,1128,2,528,698,698,1,1920,68400,109341.0
4,968,1,216,656,968,2,1927,64500,101411.5
6,1632,2,484,800,800,1,1966,173000,169904.375
4,1178,1,384,859,859,1,1900,102776,107789.915
4,930,1,308,0,930,1,1946,84900,92257.75
6,1501,2,420,697,697,2,1993,165600,182402.825
6,864,1,288,864,864,1,1959,120000,124566.405
4,1229,1,284,1134,1229,1,1956,135000,131811.125
8,1915,2,506,908,927,2,1992,220000,221827.875
6,1396,1,384,698,698,1,1915,153575,126934.74
7,1208,2,628,1208,1208,2,2007,195400,203108.825
6,996,2,564,936,996,1,1992,147000,150189.8
7,2062,2,454,1157,1180,2,1988,277000,225763.235
6,923,1,264,923,923,2,1980,143000,116118.75
6,720,2,484,624,720,1,1928,105900,90225.0
7,2978,2,564,710,1898,2,1967,242000,219269.45
7,1744,2,457,996,1014,2,1993,194500,209867.95
10,2945,3,641,1410,1426,3,2006,438780,408293.86
6,1876,2,540,901,943,2,1974,185000,191128.75
5,1347,0,0,1117,820,1,1910,107500,108508.355
6,1431,1,296,1099,1431,1,1962,165000,151186.5
6,1137,2,551,1112,1137,2,1987,176000,153629.435
5,1060,2,572,1040,1060,1,1976,129900,148240.5
5,789,1,250,789,789,1,1948,115000,110390.125
5,1838,2,372,732,734,2,2005,192140,159627.725
7,1472,2,402,384,802,2,1991,160000,169222.05
5,1505,1,240,883,988,1,1940,145000,139295.76
5,691,1,216,691,691,1,1920,86000,94058.06
5,1159,1,336,1051,1159,1,1968,158000,137769.49
6,1069,2,440,1069,1069,2,1977,127500,142411.25
6,1224,1,210,818,818,1,1926,115000,116727.64
5,1302,1,264,630,630,2,1972,119500,112063.4761904762
6,1603,2,484,761,810,2,1992,175900,179007.74916666665
8,2090,2,556,1220,1220,2,1995,240000,252705.25
8,1973,3,895,1935,1973,2,2006,395000,350612.725
6,1208,2,546,1208,1208,1,1977,165000,155511.665
5,894,1,308,894,894,1,1976,128200,124318.25
7,1644,2,569,1518,1644,2,1989,275000,210864.125
7,1726,3,786,1726,1726,2,2007,311872,250789.335
6,1933,3,668,894,894,2,2007,214000,213631.69
6,1337,2,405,1237,1337,2,1998,153500,172629.225
6,848,2,420,848,848,1,2003,144000,136533.45714285714
4,1005,2,672,1005,1005,1,1955,115000,126263.75
7,1430,2,400,384,774,2,2000,180000,169803.435
10,2076,3,850,2076,2076,2,2006,465000,385621.945
8,1337,2,462,1337,1337,2,1993,180000,215094.55
7,1971,2,689,1113,1113,2,2005,253000,244279.93
5,1112,1,336,536,536,1,1976,85000,122100.28916666668
4,1224,2,462,0,1224,2,1962,101800,103830.685
5,1002,2,902,1002,1002,1,1970,148500,145015.9
7,1709,2,380,970,970,2,2004,137500,138575.275
9,1869,2,617,1869,1869,2,2007,318061,304880.14
5,1473,1,452,1437,1473,1,1968,143000,160051.75
5,1558,1,288,913,1048,1,1945,140000,141161.02
7,1776,2,474,936,936,2,2002,192500,211089.43666666668
5,630,0,0,630,630,1,1970,92000,96578.415
7,1576,2,614,770,778,2,2006,197000,194065.09738095241
5,792,1,240,768,792,1,1924,109500,101722.25
8,1718,3,826,1705,1718,2,2007,297000,318384.265
6,1489,2,462,1489,1489,2,1968,185750,169748.5
7,1840,2,622,944,944,2,2001,230000,232348.995
4,1131,2,672,907,1131,1,1937,89471,119123.25
7,1530,2,430,1530,1530,2,2005,260000,222390.06
7,1456,2,410,728,728,2,2005,189000,179293.4
4,1510,1,296,755,755,1,1940,108000,132183.95
4,864,2,463,864,864,1,1970,124500,114692.995
